{"cameraMode":{"drawMode":0,"name":"Shaded","section":"Shading Mode"},"sceneLighting":false,"audioPlay":false,"sceneViewState":{"m_AlwaysRefresh":false,"showFog":true,"showSkybox":false,"showFlares":true,"showImageEffects":true,"showParticleSystems":true,"showVisualEffectGraphs":true,"m_FxEnabled":true},"in2DMode":false,"pivot":{"x":0.0024052858352661134,"y":0.8698040843009949,"z":0.029376208782196046},"rotation":{"x":-0.057969752699136737,"y":0.9307105541229248,"z":-0.31911325454711916,"w":-0.16907115280628205},"size":1.2379000186920167,"orthographic":false}