{"cameraMode":{"drawMode":0,"name":"Shaded","section":"Shading Mode"},"sceneLighting":false,"audioPlay":false,"sceneViewState":{"m_AlwaysRefresh":false,"showFog":true,"showSkybox":false,"showFlares":true,"showImageEffects":true,"showParticleSystems":true,"showVisualEffectGraphs":true,"m_FxEnabled":true},"in2DMode":false,"pivot":{"x":-0.00012001395225524902,"y":0.06701460480690003,"z":0.00011403858661651611},"rotation":{"x":-0.057969752699136737,"y":0.9307105541229248,"z":-0.31911325454711916,"w":-0.16907115280628205},"size":0.24498938024044038,"orthographic":false}