{"cameraMode":{"drawMode":0,"name":"Shaded","section":"Shading Mode"},"sceneLighting":true,"audioPlay":false,"sceneViewState":{"m_AlwaysRefresh":false,"showFog":true,"showSkybox":true,"showFlares":true,"showImageEffects":true,"showParticleSystems":true,"showVisualEffectGraphs":true,"m_FxEnabled":true},"in2DMode":false,"pivot":{"x":3.0980000495910646,"y":-0.6224161982536316,"z":4.4635419845581059},"rotation":{"x":-0.009890291839838028,"y":0.9510624408721924,"z":-0.30707186460494997,"w":-0.032671552151441577},"size":3.0464723110198976,"orthographic":false}